{
  "selected_features": [
    "BMI",
    "Age",
    "Glucose",
    "DiabetesPedigreeFunction"
  ],
  "best_k": 17,
  "best_cv_accuracy": 0.7898840463814475,
  "candidate_features": [
    "BMI",
    "Age",
    "SkinThickness",
    "BloodPressure",
    "Pregnancies",
    "Insulin",
    "Glucose",
    "DiabetesPedigreeFunction"
  ],
  "evaluated_subset_count": 162,
  "top_subsets": [
    {
      "features": [
        "BMI",
        "Age",
        "Glucose",
        "DiabetesPedigreeFunction"
      ],
      "best_k": 17,
      "best_cv_accuracy": 0.7898840463814475,
      "cv_scores": [
        0.716540050646408,
        0.7426629348260695,
        0.7638144742103159,
        0.7686925229908037,
        0.7735972277755565,
        0.7719978675196588,
        0.783379981340797,
        0.7850059976009597,
        0.7898840463814475,
        0.7833666533386646,
        0.7817406370785018,
        0.7882580301212848,
        0.7866453418632547,
        0.783379981340797,
        0.7817406370785018
      ],
      "k_values": [
        1,
        3,
        5,
        7,
        9,
        11,
        13,
        15,
        17,
        19,
        21,
        23,
        25,
        27,
        29
      ]
    },
    {
      "features": [
        "BMI",
        "Age",
        "Glucose"
      ],
      "best_k": 25,
      "best_cv_accuracy": 0.7866186858589896,
      "cv_scores": [
        0.6954284952685592,
        0.723057443689191,
        0.741036918565907,
        0.7508330001332799,
        0.7638544582167134,
        0.7784886045581768,
        0.783379981340797,
        0.776862588298014,
        0.7800879648140743,
        0.7850059976009597,
        0.7849793415966946,
        0.781740637078502,
        0.7866186858589896,
        0.7850059976009597,
        0.783379981340797
      ],
      "k_values": [
        1,
        3,
        5,
        7,
        9,
        11,
        13,
        15,
        17,
        19,
        21,
        23,
        25,
        27,
        29
      ]
    },
    {
      "features": [
        "BMI",
        "Age",
        "BloodPressure",
        "Glucose"
      ],
      "best_k": 15,
      "best_cv_accuracy": 0.7850593096094896,
      "cv_scores": [
        0.6806477409036386,
        0.7117019858723177,
        0.7524590163934426,
        0.7572837531654004,
        0.7572437691590032,
        0.7719712115153937,
        0.7785019325603093,
        0.7850593096094896,
        0.7801146208183394,
        0.7768892443022791,
        0.7768359322937491,
        0.7768359322937491,
        0.7736238837798214,
        0.7784752765560442,
        0.7817406370785018
      ],
      "k_values": [
        1,
        3,
        5,
        7,
        9,
        11,
        13,
        15,
        17,
        19,
        21,
        23,
        25,
        27,
        29
      ]
    },
    {
      "features": [
        "BMI",
        "Glucose",
        "DiabetesPedigreeFunction"
      ],
      "best_k": 19,
      "best_cv_accuracy": 0.7801412768226043,
      "cv_scores": [
        0.7100626416100225,
        0.7051712648274023,
        0.7442889510862323,
        0.75077968812475,
        0.7556843929095028,
        0.767119818739171,
        0.7719978675196588,
        0.7752632280421164,
        0.7736372117819539,
        0.7801412768226043,
        0.7785152605624417,
        0.7736372117819539,
        0.7703585232573638,
        0.7638544582167134,
        0.767119818739171
      ],
      "k_values": [
        1,
        3,
        5,
        7,
        9,
        11,
        13,
        15,
        17,
        19,
        21,
        23,
        25,
        27,
        29
      ]
    },
    {
      "features": [
        "Age",
        "Glucose"
      ],
      "best_k": 13,
      "best_cv_accuracy": 0.7785152605624417,
      "cv_scores": [
        0.6725709716113555,
        0.7149406903905104,
        0.7344528855124616,
        0.7442756230840996,
        0.7605224576835933,
        0.771944555511129,
        0.7785152605624417,
        0.7671331467413034,
        0.767093162734906,
        0.7703451952552312,
        0.7687458349993337,
        0.7638811142209783,
        0.7654938024790084,
        0.7638544582167134,
        0.7686925229908037
      ],
      "k_values": [
        1,
        3,
        5,
        7,
        9,
        11,
        13,
        15,
        17,
        19,
        21,
        23,
        25,
        27,
        29
      ]
    },
    {
      "features": [
        "BMI",
        "Age",
        "Pregnancies",
        "Glucose"
      ],
      "best_k": 13,
      "best_cv_accuracy": 0.7768092762894843,
      "cv_scores": [
        0.7165800346528055,
        0.7491003598560576,
        0.7686658669865387,
        0.773557243769159,
        0.7751832600293216,
        0.765453818472611,
        0.7768092762894843,
        0.7654404904704785,
        0.7654671464747433,
        0.7687191789950686,
        0.7735838997734239,
        0.7670398507263763,
        0.7702918832467013,
        0.7703185392509663,
        0.773557243769159
      ],
      "k_values": [
        1,
        3,
        5,
        7,
        9,
        11,
        13,
        15,
        17,
        19,
        21,
        23,
        25,
        27,
        29
      ]
    },
    {
      "features": [
        "BMI",
        "Age",
        "Insulin",
        "Glucose"
      ],
      "best_k": 21,
      "best_cv_accuracy": 0.7752365720378516,
      "cv_scores": [
        0.6742369718779154,
        0.7296148207383713,
        0.7442889510862323,
        0.7410502465680394,
        0.7606290817006531,
        0.765480474476876,
        0.767093162734906,
        0.767066506730641,
        0.7605624416899908,
        0.7654671464747433,
        0.7752365720378516,
        0.7703185392509663,
        0.7752365720378516,
        0.7736105557776888,
        0.775223244035719
      ],
      "k_values": [
        1,
        3,
        5,
        7,
        9,
        11,
        13,
        15,
        17,
        19,
        21,
        23,
        25,
        27,
        29
      ]
    },
    {
      "features": [
        "Age",
        "SkinThickness",
        "Glucose",
        "DiabetesPedigreeFunction"
      ],
      "best_k": 7,
      "best_cv_accuracy": 0.7736771957883513,
      "cv_scores": [
        0.7181660669065708,
        0.7540450486472079,
        0.7638677862188458,
        0.7736771957883513,
        0.7671464747434359,
        0.7492469678795148,
        0.7590030654404905,
        0.7540983606557378,
        0.7573104091696655,
        0.7589764094362256,
        0.7573637211781954,
        0.7557510329201652,
        0.7557243769159003,
        0.7573237371717979,
        0.7556977209116353
      ],
      "k_values": [
        1,
        3,
        5,
        7,
        9,
        11,
        13,
        15,
        17,
        19,
        21,
        23,
        25,
        27,
        29
      ]
    },
    {
      "features": [
        "BMI",
        "Pregnancies",
        "Glucose",
        "DiabetesPedigreeFunction"
      ],
      "best_k": 21,
      "best_cv_accuracy": 0.7735972277755565,
      "cv_scores": [
        0.7426629348260696,
        0.7345061975209916,
        0.7524456883913102,
        0.7557110489137678,
        0.7459149673463947,
        0.749193655870985,
        0.75083300013328,
        0.7687724910035986,
        0.7638677862188458,
        0.765480474476876,
        0.7735972277755565,
        0.7670798347327735,
        0.7719712115153937,
        0.7687058509929362,
        0.7719712115153938
      ],
      "k_values": [
        1,
        3,
        5,
        7,
        9,
        11,
        13,
        15,
        17,
        19,
        21,
        23,
        25,
        27,
        29
      ]
    },
    {
      "features": [
        "BMI",
        "BloodPressure",
        "Glucose",
        "DiabetesPedigreeFunction"
      ],
      "best_k": 17,