{
  "selected_features": [
    "Glucose",
<<<<<<< HEAD
    "BloodPressure",
    "BMI",
    "Age"
  ],
  "best_k": 13,
  "best_cv_accuracy": 0.8501219512195122,
=======
    "DiabetesPedigreeFunction",
    "Age"
  ],
  "best_k": 13,
  "best_cv_accuracy": 0.80925,
>>>>>>> 03078e0540f92d80d87fb25a6366ec62254cc503
  "candidate_features": [
    "Pregnancies",
    "Glucose",
    "BloodPressure",
    "SkinThickness",
    "Insulin",
    "BMI",
    "DiabetesPedigreeFunction",
    "Age"
  ],
<<<<<<< HEAD
  "evaluated_subset_count": 1,
=======
  "evaluated_subset_count": 450,
>>>>>>> 03078e0540f92d80d87fb25a6366ec62254cc503
  "top_subsets": [
    {
      "features": [
        "Glucose",
<<<<<<< HEAD
        "BloodPressure",
        "BMI",
        "Age"
      ],
      "best_k": 13
=======
        "DiabetesPedigreeFunction",
        "Age"
      ],
      "best_k": 13,
      "best_cv_accuracy": 0.80925
>>>>>>> 03078e0540f92d80d87fb25a6366ec62254cc503
    }
  ],
  "feature_target_correlations": {
    "Glucose": 0.46658139830687373,
    "BMI": 0.2926946626444454,
    "Age": 0.23835598302719757,
    "Pregnancies": 0.22189815303398636,
    "DiabetesPedigreeFunction": 0.17384406565296004,
    "Insulin": 0.13054795488404794,
    "SkinThickness": 0.07475223191831946,
    "BloodPressure": 0.06506835955033277
  }
}